Type,Name,Request Count,Failure Count,Median Response Time,Average Response Time,Min Response Time,Max Response Time,Average Content Size,Requests/s,Failures/s,50%,66%,75%,80%,90%,95%,98%,99%,99.9%,99.99%,100%
POST,/v2/user,13,0,860.0,549.0360153845849,159.90320000037173,905.5573999994522,51.0,0.44457388477785376,0.0,860,860,870,880,900,910,910,910,910,910,910
GET,/v2/user/login?username=tahacinar&password=72678460101,8,0,160.0,340.34873749999406,157.0782999997391,877.704000000449,78.0,0.27358392909406387,0.0,160,170,870,870,880,880,880,880,880,880,880
GET,/v2/user/logout,8,0,160.0,343.54668750017936,156.36259999973845,905.2799999999479,44.0,0.27358392909406387,0.0,170,170,870,870,910,910,910,910,910,910,910
GET,/v2/user/tahacinar,8,0,160.0,427.6683875001481,154.9423000005845,895.0798000005307,173.0,0.27358392909406387,0.0,160,860,870,870,900,900,900,900,900,900,900
PUT,/v2/user/tahacinar,6,0,160.0,287.7107166667277,157.83079999982874,906.750799999827,53.0,0.2051879468205479,0.0,170,170,170,170,910,910,910,910,910,910,910
,Aggregated,43,0,170.0,412.93588372098935,154.9423000005845,906.750799999827,77.69767441860465,1.4705136188805932,0.0,170,860,870,870,900,910,910,910,910,910,910
